{"cameraMode":{"drawMode":0,"name":"Shaded","section":"Shading Mode"},"sceneLighting":true,"audioPlay":false,"sceneViewState":{"m_AlwaysRefresh":false,"showFog":true,"showSkybox":true,"showFlares":true,"showImageEffects":true,"showParticleSystems":true,"showVisualEffectGraphs":true,"m_FxEnabled":true},"in2DMode":false,"pivot":{"x":-7.703010559082031,"y":3.619980812072754,"z":4.175037384033203},"rotation":{"x":0.04104466736316681,"y":-0.7277165055274963,"z":0.043715376406908038,"w":0.6832563877105713},"size":27.212644577026368,"orthographic":true}